Workbook

Sheet Petunjuk
A1: HMI EVIDENCE · MATURITY LEVEL CABANG
A2: Templat Rekap Audit Komisariat
A4: Untuk apa: merekap hasil kuis Seberapa Evidence Komisariatmu (ahmadzulfikar.com/kuis) dari setiap komisariat, supaya cabang melihat pola dan menyusun pendampingan.
A5: Cara mengisi: minta setiap komisariat mengirim laporan PDF hasil kuisnya. Salin skor inti, persentase enam kelompok, dan empat angka ke lembar Rekap Audit.
A6: Kolom tingkat, retensi, dan keterlaksanaan program terhitung otomatis. Batas tingkat sama dengan kuis: 0–15 Titik Berangkat, 16–30 Mulai Mencatat, 31–45 Mulai Membaca Bukti, 46–60 Bukti Menjadi Kebiasaan.
A7: Kelompok terlemah: tulis kelompok dengan persentase terendah. Komisariat dengan kelompok terlemah yang sama bisa didampingi bersama.
A8: Lembar Ringkasan menghitung jumlah komisariat per tingkat dan rata-rata cabang.
A9: Draf untuk ditinjau tim HMI Evidence.

Sheet Rekap Audit
A1: No | B1: Komisariat | C1: Tanggal audit | D1: Skor inti (0–60) | E1: Tingkat | F1: Kaderisasi (%) | G1: Tata Kelola (%) | H1: Pengetahuan (%) | I1: Target Program (%) | J1: Evaluasi dan Arsip (%) | K1: Data dan Jaringan (%) | L1: Peserta LK 1 | M1: Aktif 3 bulan | N1: Retensi | O1: Program direncanakan | P1: Program terlaksana | Q1: Keterlaksanaan | R1: Kelompok terlemah | S1: Pendamping | T1: Tindak lanjut cabang
A2: 1 | E2: =IF(D2="","",IF(D2<=15,"Titik Berangkat",IF(D2<=30,"Mulai Mencatat",IF(D2<=45,"Mulai Membaca Bukti","Bukti Menjadi Kebiasaan")))) | N2: =IF(OR(L2="",L2=0),"",M2/L2) | Q2: =IF(OR(O2="",O2=0),"",P2/O2)
A3: 2 | E3: =IF(D3="","",IF(D3<=15,"Titik Berangkat",IF(D3<=30,"Mulai Mencatat",IF(D3<=45,"Mulai Membaca Bukti","Bukti Menjadi Kebiasaan")))) | N3: =IF(OR(L3="",L3=0),"",M3/L3) | Q3: =IF(OR(O3="",O3=0),"",P3/O3)
A4: 3 | E4: =IF(D4="","",IF(D4<=15,"Titik Berangkat",IF(D4<=30,"Mulai Mencatat",IF(D4<=45,"Mulai Membaca Bukti","Bukti Menjadi Kebiasaan")))) | N4: =IF(OR(L4="",L4=0),"",M4/L4) | Q4: =IF(OR(O4="",O4=0),"",P4/O4)
A5: 4 | E5: =IF(D5="","",IF(D5<=15,"Titik Berangkat",IF(D5<=30,"Mulai Mencatat",IF(D5<=45,"Mulai Membaca Bukti","Bukti Menjadi Kebiasaan")))) | N5: =IF(OR(L5="",L5=0),"",M5/L5) | Q5: =IF(OR(O5="",O5=0),"",P5/O5)
A6: 5 | E6: =IF(D6="","",IF(D6<=15,"Titik Berangkat",IF(D6<=30,"Mulai Mencatat",IF(D6<=45,"Mulai Membaca Bukti","Bukti Menjadi Kebiasaan")))) | N6: =IF(OR(L6="",L6=0),"",M6/L6) | Q6: =IF(OR(O6="",O6=0),"",P6/O6)
A7: 6 | E7: =IF(D7="","",IF(D7<=15,"Titik Berangkat",IF(D7<=30,"Mulai Mencatat",IF(D7<=45,"Mulai Membaca Bukti","Bukti Menjadi Kebiasaan")))) | N7: =IF(OR(L7="",L7=0),"",M7/L7) | Q7: =IF(OR(O7="",O7=0),"",P7/O7)
A8: 7 | E8: =IF(D8="","",IF(D8<=15,"Titik Berangkat",IF(D8<=30,"Mulai Mencatat",IF(D8<=45,"Mulai Membaca Bukti","Bukti Menjadi Kebiasaan")))) | N8: =IF(OR(L8="",L8=0),"",M8/L8) | Q8: =IF(OR(O8="",O8=0),"",P8/O8)
A9: 8 | E9: =IF(D9="","",IF(D9<=15,"Titik Berangkat",IF(D9<=30,"Mulai Mencatat",IF(D9<=45,"Mulai Membaca Bukti","Bukti Menjadi Kebiasaan")))) | N9: =IF(OR(L9="",L9=0),"",M9/L9) | Q9: =IF(OR(O9="",O9=0),"",P9/O9)
A10: 9 | E10: =IF(D10="","",IF(D10<=15,"Titik Berangkat",IF(D10<=30,"Mulai Mencatat",IF(D10<=45,"Mulai Membaca Bukti","Bukti Menjadi Kebiasaan")))) | N10: =IF(OR(L10="",L10=0),"",M10/L10) | Q10: =IF(OR(O10="",O10=0),"",P10/O10)
A11: 10 | E11: =IF(D11="","",IF(D11<=15,"Titik Berangkat",IF(D11<=30,"Mulai Mencatat",IF(D11<=45,"Mulai Membaca Bukti","Bukti Menjadi Kebiasaan")))) | N11: =IF(OR(L11="",L11=0),"",M11/L11) | Q11: =IF(OR(O11="",O11=0),"",P11/O11)
A12: 11 | E12: =IF(D12="","",IF(D12<=15,"Titik Berangkat",IF(D12<=30,"Mulai Mencatat",IF(D12<=45,"Mulai Membaca Bukti","Bukti Menjadi Kebiasaan")))) | N12: =IF(OR(L12="",L12=0),"",M12/L12) | Q12: =IF(OR(O12="",O12=0),"",P12/O12)
A13: 12 | E13: =IF(D13="","",IF(D13<=15,"Titik Berangkat",IF(D13<=30,"Mulai Mencatat",IF(D13<=45,"Mulai Membaca Bukti","Bukti Menjadi Kebiasaan")))) | N13: =IF(OR(L13="",L13=0),"",M13/L13) | Q13: =IF(OR(O13="",O13=0),"",P13/O13)
... A101: 100 | E101: =IF(D101="","",IF(D101<=15,"Titik Berangkat",IF(D101<=30,"Mulai Mencatat",IF(D101<=45,"Mulai Membaca Bukti","Bukti Menjadi Kebiasaan")))) | N101: =IF(OR(L101="",L101=0),"",M101/L101) | Q101: =IF(OR(O101="",O101=0),"",P101/O101)

Sheet Ringkasan
A1: Ukuran | B1: Nilai
A2: Komisariat yang sudah diaudit | B2: =COUNT('Rekap Audit'!D2:D101)
A3: Rata-rata skor inti | B3: =IFERROR(AVERAGE('Rekap Audit'!D2:D101),"")
A4: Komisariat di tingkat Titik Berangkat | B4: =COUNTIF('Rekap Audit'!E2:E101,"Titik Berangkat")
A5: Komisariat di tingkat Mulai Mencatat | B5: =COUNTIF('Rekap Audit'!E2:E101,"Mulai Mencatat")
A6: Komisariat di tingkat Mulai Membaca Bukti | B6: =COUNTIF('Rekap Audit'!E2:E101,"Mulai Membaca Bukti")
A7: Komisariat di tingkat Bukti Menjadi Kebiasaan | B7: =COUNTIF('Rekap Audit'!E2:E101,"Bukti Menjadi Kebiasaan")
A8: Retensi gabungan setelah LK 1 | B8: =IFERROR(SUM('Rekap Audit'!M2:M101)/SUM('Rekap Audit'!L2:L101),"")
A9: Keterlaksanaan program gabungan | B9: =IFERROR(SUM('Rekap Audit'!P2:P101)/SUM('Rekap Audit'!O2:O101),"")
